Month,East North Central (NSA),East North Central (SA),East South Central (NSA),East South Central (SA),Middle Atlantic (NSA),Middle Atlantic (SA),Mountain (NSA),Mountain (SA),New England (NSA),New England (SA),Pacific (NSA),Pacific (SA),South Atlantic (NSA),South Atlantic (SA),West North Central (NSA),West North Centra (SA),West South Central (NSA),West South Central (SA),USA (NSA),USA (SA)
1/1/1991,100,100,100,100,100,100,100,100,100,100,100,100,100,100,100,100,100,100,100,100
2/1/1991,100.99,101.09,100.87,100.43,100.02,100.2,98.45,98.63,102.08,102.7,100.22,100.53,100.52,100.49,100.6,100.65,99.94,99.75,100.43,100.5
3/1/1991,101.34,101.02,100.99,100.55,99.92,99.71,100.17,100.55,101.69,101.41,100.02,100.15,100.97,100.62,100.4,100.15,100.79,100.51,100.7,100.5
4/1/1991,101.76,101.08,100.88,100.55,99.32,99.08,100.37,100.32,101.1,100.94,100.17,100.07,100.97,100.51,100.9,100.47,100.45,100.1,100.71,100.35
5/1/1991,102.38,101.45,101.18,100.72,99.58,99.14,100.71,100.38,99.82,99.82,100.4,100.12,100.83,100.61,100.68,100.23,100.9,100.31,100.87,100.41
6/1/1991,102.8,101.56,102.16,101.53,99.67,98.86,102.2,101.45,99.22,98.63,100.46,99.92,101.38,100.73,101.47,100.62,102.07,100.96,101.39,100.56
7/1/1991,103,101.94,101.93,101.49,100.12,99.07,101.52,101.24,99.2,98.72,100.46,99.85,101.03,100.49,101.28,100.41,101.76,100.82,101.31,100.56
8/1/1991,103.19,102.17,101.64,100.73,99.62,98.6,101.87,101.25,98.44,97.96,100.78,100.01,100.82,100.09,101.76,100.75,101.52,100.55,101.27,100.4
9/1/1991,102.86,102.08,101.99,101.15,100.19,99.29,101.93,101.56,100.09,99.22,100.39,99.63,100.73,100.11,101.64,100.88,102.19,101.43,101.39,100.64
10/1/1991,103.12,102.48,101.96,101.62,99.95,98.98,103.28,102.56,99.26,98.76,100.93,100.41,101.68,101,101.84,101.5,101.42,100.68,101.61,100.98
11/1/1991,103.98,103.36,102.95,102.32,100.91,100.08,104.17,103.86,98.42,97.46,100.87,100.63,102.18,101.38,101.89,101.55,102,101.39,102.11,101.51
12/1/1991,103.76,103.5,103.49,103.22,100.65,100.35,103.63,103.47,99.11,98.66,101.06,100.71,101.96,101.66,102.91,102.65,102.1,101.85,102.17,101.88
1/1/1992,103.95,103.97,103.34,103.34,100.69,100.72,104.33,104.41,99.89,99.89,100.97,100.96,101.95,101.94,102.42,102.43,102.4,102.4,102.26,102.27
2/1/1992,104.41,104.5,104.65,104.23,101.72,101.95,105.09,105.29,99.85,100.48,101.09,101.41,102.81,102.77,103.02,103.1,103.46,103.27,102.94,103.02
3/1/1992,105.57,105.25,104.43,103.96,101.35,101.17,105.65,106.04,99.67,99.41,100.69,100.83,102.69,102.35,103.98,103.69,102.77,102.5,103.03,102.83
4/1/1992,106.01,105.31,103.86,103.51,101.11,100.87,105.81,105.72,98.5,98.36,100.46,100.33,102.33,101.88,104.13,103.67,103.14,102.77,102.95,102.58
5/1/1992,106.61,105.65,104.44,103.97,100.86,100.37,106.7,106.32,97.67,97.64,100.6,100.3,102.32,102.09,104.46,103.95,103.25,102.6,103.13,102.65
6/1/1992,107.03,105.73,104.92,104.23,101.23,100.36,107.75,106.94,97.13,96.46,100.32,99.74,102.53,101.87,105.31,104.4,104.15,103.04,103.49,102.62
7/1/1992,107.18,106.07,105.41,104.91,101.44,100.32,107.53,107.16,97.38,96.79,100.72,100.05,102.87,102.28,105.76,104.81,104.27,103.32,103.75,102.94
8/1/1992,107.6,106.53,106.42,105.44,101.37,100.27,108.75,108.02,98.26,97.72,101.01,100.19,103.86,103.09,106.07,104.99,105,103.99,104.33,103.41
9/1/1992,107.64,106.81,106.81,105.95,102.12,101.2,108.88,108.44,98.51,97.67,101.06,100.29,104.24,103.58,106.4,105.56,104.93,104.14,104.57,103.79
10/1/1992,108.24,107.54,107.02,106.63,102.39,101.41,110.13,109.37,98.53,98.04,100.11,99.6,104.4,103.73,106.13,105.74,105.64,104.9,104.75,104.1
11/1/1992,108.56,107.93,107.02,106.37,102.9,102.12,110.37,110.05,99.48,98.56,99.91,99.68,104.39,103.59,106.54,106.15,106.32,105.68,105.01,104.41
12/1/1992,108.82,108.56,107.11,106.83,101.55,101.27,111.4,111.21,97.85,97.47,99.57,99.24,103.58,103.29,106.7,106.43,105.34,105.1,104.58,104.3
1/1/1993,108.6,108.65,107.1,107.09,100.87,100.94,111.94,112.12,96.73,96.69,98.76,98.77,103.43,103.38,107.42,107.5,105.38,105.38,104.34,104.37
2/1/1993,108.4,108.48,106.95,106.59,100.41,100.75,111.96,112.22,94.75,95.38,97.74,98.1,103.33,103.27,107.81,107.93,105.74,105.57,104.04,104.15
3/1/1993,109.29,109.01,108.52,108.04,100.73,100.59,112.11,112.5,95.66,95.47,98.19,98.33,104.16,103.82,107.26,106.95,106.47,106.2,104.66,104.47
4/1/1993,110.33,109.58,108.76,108.35,101.72,101.49,114.11,113.95,96.64,96.52,98.44,98.3,105.02,104.57,108.9,108.42,107,106.59,105.53,105.14
5/1/1993,110.96,109.97,109.34,108.83,102.27,101.7,115.29,114.82,96.29,96.13,98.24,97.93,104.79,104.54,109.66,109.07,107.82,107.07,105.88,105.34
6/1/1993,112.02,110.64,109.75,108.94,102.47,101.5,116.31,115.45,97.85,96.92,98.56,97.94,105.83,105.12,110.62,109.64,108.72,107.58,106.67,105.73
7/1/1993,112.31,111.12,110.03,109.44,102.24,101.03,117.35,116.81,97.46,96.67,97.59,96.87,105.7,105.04,111.08,110.03,109.26,108.27,106.68,105.78
8/1/1993,112.7,111.56,110.98,109.95,102.56,101.32,118.56,117.69,97.16,96.45,98,97.18,106.12,105.29,111.97,110.82,109.49,108.39,107.14,106.13
9/1/1993,113.22,112.33,111.96,111.06,102.3,101.39,119.83,119.28,96.92,96.08,97.64,96.9,106.36,105.65,112.41,111.45,109.6,108.8,107.35,106.53
10/1/1993,113.33,112.57,111.5,111.01,102.44,101.51,120.71,119.91,95.98,95.48,97.78,97.35,106.39,105.75,112.62,112.17,110.45,109.67,107.5,106.84
11/1/1993,113.6,112.97,112.31,111.68,102.47,101.79,121.27,120.96,97.28,96.44,96.9,96.72,106.67,105.91,113.05,112.61,110.62,109.96,107.67,107.09
12/1/1993,113.87,113.61,112.43,112.13,101.91,101.68,121.81,121.64,97.21,96.89,97.07,96.81,107.02,106.74,113.71,113.43,110.96,110.71,107.86,107.6
1/1/1994,114.17,114.3,113,113,102.18,102.32,122.18,122.48,96.1,96.04,96.67,96.75,106.79,106.7,113.77,114,110.67,110.68,107.81,107.88
2/1/1994,114.52,114.59,114.25,113.94,101.14,101.61,123.64,124,96.32,97.07,96.19,96.63,107.03,106.95,113.76,113.93,111.34,111.2,107.96,108.12
3/1/1994,115.29,115.01,114.13,113.64,101.7,101.6,124.56,124.95,97.99,97.98,96.42,96.55,107.62,107.24,115.28,114.94,112.43,112.16,108.69,108.5
4/1/1994,116.5,115.71,115.38,114.88,101.82,101.57,126.25,125.98,96.84,96.75,96.98,96.77,108.32,107.86,115.75,115.25,112.37,111.92,109.26,108.83
5/1/1994,117.34,116.26,115.66,115.09,102.63,101.95,127.96,127.36,97.4,97.16,96.83,96.44,108.31,108.02,116.42,115.7,113.61,112.72,109.81,109.19
6/1/1994,118.06,116.59,116.4,115.45,102.78,101.68,129.13,128.19,99.02,97.88,97.15,96.47,109.06,108.29,117.13,116.08,113.86,112.7,110.43,109.4
7/1/1994,118,116.71,116.52,115.83,103.29,101.95,129.31,128.53,98.28,97.29,97.18,96.34,109.3,108.56,117.69,116.52,113.67,112.62,110.53,109.52
8/1/1994,118.45,117.22,117.53,116.44,103.14,101.74,130.46,129.41,97.62,96.78,97.11,96.24,109.89,108.97,118.17,116.92,114.21,113.02,110.87,109.77
9/1/1994,118.65,117.67,117.1,116.21,102.26,101.37,130.46,129.76,97.81,97.02,97.21,96.53,109.89,109.13,117.81,116.75,113.95,113.12,110.74,109.89
10/1/1994,119.03,118.2,117.66,117.13,102.48,101.61,131.5,130.68,97.22,96.75,96.48,96.1,109.85,109.25,117.75,117.21,114.26,113.48,110.79,110.13
11/1/1994,119.33,118.73,118.46,117.86,101.7,101.16,131.27,131,97.49,96.84,96.1,95.93,110.56,109.87,118.58,118.1,114.26,113.59,110.93,110.4
12/1/1994,119.02,118.77,117.94,117.65,100.47,100.28,132.04,131.94,97.17,97.01,96.13,95.95,110.26,110,117.88,117.63,114.21,113.94,110.6,110.37
1/1/1995,119.41,119.63,117.81,117.81,100.57,100.76,131.67,132.12,96.64,96.61,96.09,96.26,110.54,110.39,117.97,118.36,114.26,114.29,110.68,110.79
2/1/1995,120.21,120.26,119.18,118.95,100.46,101.03,133,133.46,96.4,97.19,96.12,96.6,110.92,110.82,118.84,119.07,114.49,114.35,111.11,111.3
3/1/1995,120.68,120.4,119.87,119.39,101.18,101.1,133.01,133.32,97.22,97.37,95.67,95.78,110.96,110.54,119.71,119.35,114.56,114.27,111.39,111.2
4/1/1995,121.94,121.13,119.64,119.04,101.68,101.43,134.35,133.94,97.3,97.23,95.31,95.01,111.01,110.54,120.39,119.89,115.72,115.21,111.85,111.38
5/1/1995,122.21,121.05,120.06,119.45,101.84,101.06,134.66,133.92,98.08,97.74,96.02,95.52,110.98,110.64,121.18,120.3,116.19,115.18,112.24,111.51
6/1/1995,123.4,121.86,121.97,120.88,102.63,101.4,136.42,135.43,98.77,97.4,96.15,95.38,111.8,110.94,122.12,120.98,116.33,115.13,113.05,111.92
7/1/1995,123.85,122.44,122.2,121.41,102.62,101.16,137,136,99.42,98.26,96.48,95.55,112.74,111.96,122.74,121.45,117.06,115.94,113.56,112.44
8/1/1995,124.45,123.15,122.27,121.15,103.45,101.92,137.68,136.52,99.06,98.06,96.54,95.66,112.88,111.93,123.26,121.95,117.42,116.14,113.9,112.73
9/1/1995,124.65,123.59,122.59,121.71,102.23,101.37,138.05,137.23,98.55,97.75,96.03,95.41,113.06,112.29,123.8,122.66,117.67,116.84,113.81,112.94
10/1/1995,124.96,124.06,123.36,122.78,101.72,100.92,137.74,136.95,98.43,97.93,95.75,95.43,112.79,112.24,123.87,123.26,117.43,116.65,113.7,113.05
11/1/1995,124.87,124.27,123.58,123.01,101.42,101.02,137.86,137.68,98.3,97.8,95.61,95.48,113.24,112.65,123.66,123.12,117.8,117.11,113.75,113.26
12/1/1995,125.3,125.07,123.72,123.44,101.56,101.4,138.61,138.63,98.06,97.99,95.34,95.28,113.04,112.81,124.19,124,118.23,117.95,113.88,113.69
1/1/1996,125.09,125.43,123.97,123.95,101.25,101.48,138.42,139.01,100.21,100.3,95.52,95.79,113.76,113.6,123.67,124.21,117.7,117.73,113.99,114.17
2/1/1996,126.22,126.26,123.71,123.5,101.24,101.87,138.81,139.36,98.89,99.72,95.21,95.72,113.5,113.36,124.52,124.79,118.4,118.25,114.15,114.36
3/1/1996,126.98,126.66,124.68,124.2,102.21,102.17,140.05,140.22,98.8,99.09,95.67,95.72,114.62,114.15,125.65,125.26,118.73,118.46,114.93,114.72
4/1/1996,128.51,127.71,125.62,124.93,102.11,101.88,141.46,140.92,99.56,99.44,95.96,95.58,114.87,114.36,126.65,126.13,119.14,118.55,115.56,115.05
5/1/1996,129.21,127.93,126.42,125.73,103.03,102.21,141.78,140.93,100.6,100.15,96.26,95.62,115.14,114.69,127.27,126.22,119.91,118.81,116.16,115.32
6/1/1996,129.72,128.11,126.85,125.64,103.43,102.05,142.46,141.44,101.84,100.28,96.6,95.74,115.53,114.56,127.73,126.47,120.64,119.4,116.67,115.44
7/1/1996,130.32,128.77,127.85,126.97,103.66,102.09,143.24,142.11,101.53,100.21,96.95,95.94,116.09,115.26,128.52,127.09,120.45,119.23,117.08,115.86
8/1/1996,130.02,128.63,127.85,126.75,103.75,102.13,142.88,141.68,101.62,100.45,96.58,95.68,116.23,115.23,128.61,127.18,120.79,119.45,117.04,115.8
9/1/1996,130.3,129.18,127.98,127.15,102.89,102.03,143.44,142.53,101.77,100.87,96.36,95.82,116.44,115.67,129,127.81,120.65,119.79,117.04,116.16
10/1/1996,130.15,129.18,128.5,127.96,102.57,101.82,143.61,142.88,101.22,100.61,96.42,96.14,116.27,115.75,128.6,127.93,120.39,119.65,116.9,116.25
11/1/1996,130.99,130.43,128.25,127.67,102.79,102.48,143.12,142.97,100.86,100.45,96.46,96.34,116.03,115.53,128.85,128.28,120.67,119.99,117.02,116.57
12/1/1996,130.8,130.61,128.6,128.33,102.15,101.99,142.8,142.95,101.18,101.17,96.34,96.39,116.31,116.12,129.26,129.18,120.9,120.61,117.01,116.88
1/1/1997,130.22,130.65,128.65,128.56,102.24,102.43,143.31,143.97,101.51,101.7,95.86,96.2,116.76,116.59,128.57,129.2,120.37,120.41,116.87,117.07
2/1/1997,130.85,130.88,129.95,129.72,101.9,102.57,143.71,144.3,100.18,100.97,95.87,96.37,117.13,116.98,129.06,129.34,120.99,120.84,117.13,117.34
3/1/1997,132.15,131.77,129.97,129.51,102.63,102.6,144.99,144.96,101.08,101.45,96.85,96.81,118.19,117.74,130.59,130.18,121.53,121.26,118.1,117.86
4/1/1997,132.38,131.59,130.86,130.12,103.23,103.03,145.97,145.33,102.97,102.82,97.89,97.45,117.91,117.4,130.64,130.11,122.03,121.37,118.61,118.08
5/1/1997,133.86,132.47,130.48,129.71,104.53,103.73,146.58,145.65,103.06,102.52,98.64,97.85,118.05,117.52,132.31,131.11,123.13,121.99,119.44,118.52
6/1/1997,134.32,132.68,131.52,130.22,104.42,102.92,146.86,145.77,104.46,102.78,98.82,97.87,119.12,118.07,131.92,130.54,123.31,122.06,119.88,118.57
7/1/1997,134.59,132.93,131.73,130.78,104.79,103.15,147.31,146.13,104.31,102.93,99.75,98.73,118.65,117.79,133.16,131.62,123.51,122.22,120.19,118.89
8/1/1997,134.91,133.43,132.05,130.99,105.21,103.57,147.74,146.56,104.95,103.67,99.99,99.1,119.56,118.59,133.17,131.64,123.58,122.2,120.59,119.32
9/1/1997,134.82,133.63,131.7,130.87,104.17,103.24,147.61,146.66,104.45,103.42,99.85,99.38,119.34,118.58,133.63,132.41,123.55,122.7,120.35,119.45
10/1/1997,135.16,134.14,131.4,130.86,105.39,104.62,147.98,147.29,105.49,104.73,99.95,99.69,119.69,119.15,133.78,133.04,123.97,123.24,120.76,120.09
11/1/1997,135.02,134.47,132.17,131.57,103.91,103.59,147.62,147.47,105.54,105.13,101.01,100.89,120.18,119.74,133.64,133.04,124.61,123.95,120.91,120.48
12/1/1997,134.94,134.81,132.5,132.21,104.5,104.32,147.93,148.2,105.76,105.75,100.76,100.87,120.45,120.27,133.27,133.29,124.46,124.19,120.99,120.88
1/1/1998,134.86,135.34,132.97,132.8,104.1,104.2,147.38,148.03,104.39,104.71,101.18,101.59,120.42,120.23,134.71,135.36,125.19,125.28,121.11,121.31
2/1/1998,136.13,136.18,133.06,132.78,104.2,104.89,148.8,149.37,106.86,107.75,102.33,102.83,121.26,121.1,135.14,135.46,125.73,125.59,121.98,122.19
3/1/1998,136.86,136.41,134.16,133.73,105.83,105.87,149.76,149.55,106.94,107.4,103.52,103.37,121.81,121.35,135.94,135.55,126.28,125.98,122.87,122.6
4/1/1998,137.63,136.83,134.93,134.17,106.34,106.18,151.5,150.84,108.49,108.33,105.08,104.58,122.48,121.91,136.26,135.7,126.94,126.16,123.77,123.19
5/1/1998,138.72,137.23,135.83,134.96,107.05,106.32,151.96,150.95,109.59,108.97,106.21,105.26,122.9,122.26,137.78,136.46,128.02,126.84,124.68,123.68
6/1/1998,139.67,137.97,136.86,135.52,108.83,107.16,152.5,151.32,111.63,109.82,107.25,106.16,124.03,122.89,139.42,137.89,128.87,127.58,125.88,124.47
7/1/1998,140.08,138.3,136.54,135.52,108.73,107.03,153.1,151.94,111.91,110.35,107.57,106.5,124.05,123.12,139.62,137.95,129.82,128.38,126.14,124.76
8/1/1998,140.38,138.81,136.59,135.56,109.43,107.76,153.9,152.75,112.71,111.24,108.24,107.31,124.47,123.46,140.23,138.58,130.23,128.81,126.66,125.33
9/1/1998,140.88,139.6,137.85,136.97,109.49,108.42,154.19,153.25,113.42,112.19,108.42,107.93,125.22,124.4,140.82,139.56,130.37,129.45,127.11,126.14
10/1/1998,141.48,140.39,137.63,137.05,109.35,108.51,154.82,154.19,113.04,112.09,109.17,108.88,125.23,124.63,141.25,140.43,130.64,129.86,127.37,126.64
11/1/1998,141.76,141.24,138.69,138.07,109.52,109.12,154.46,154.25,114.56,114.12,109.69,109.57,125.75,125.35,142.85,142.23,131.02,130.37,127.92,127.47
12/1/1998,141.67,141.62,138.55,138.24,110.18,109.99,154.96,155.3,114.78,114.75,109.51,109.67,125.94,125.76,142.83,142.96,131.95,131.68,128.13,128.05
1/1/1999,141.7,142.18,139.09,138.77,110.67,110.65,154.93,155.58,114.71,115.22,110.8,111.25,126.74,126.52,143.11,143.73,131.78,131.95,128.6,128.79
2/1/1999,142.87,142.96,139.75,139.48,110.27,110.99,155.95,156.44,115.47,116.45,111.29,111.77,127.26,127.1,143.16,143.57,132.4,132.27,129.12,129.34
3/1/1999,143.82,143.34,140.62,140.19,110.7,110.82,158.38,158.02,116.44,116.94,112.88,112.63,127.97,127.55,144.83,144.47,133,132.61,130.16,129.87
4/1/1999,144.7,143.88,140.88,140.14,111.79,111.68,158.59,157.88,118.14,117.98,113.9,113.38,128.84,128.2,145.98,145.35,134.51,133.58,131.15,130.53
5/1/1999,146.37,144.79,141.67,140.77,113.14,112.49,159.84,158.75,119.92,119.2,115.12,114.03,129.85,129.09,147.39,145.93,135.23,134,132.39,131.3
6/1/1999,147.03,145.22,142.25,140.87,115.42,113.61,160.71,159.39,121.98,119.95,116.09,114.86,130.49,129.26,148.64,146.89,136.01,134.64,133.45,131.91
7/1/1999,147.87,145.95,142.54,141.46,116.22,114.41,161.49,160.36,123.03,121.16,116.48,115.38,131.03,129.98,149.07,147.22,137.01,135.46,134.12,132.63
8/1/1999,148.61,146.92,142.99,141.95,116.7,114.97,162.39,161.2,123.99,122.31,117.29,116.32,131.75,130.74,150.48,148.69,137.59,136.11,134.87,133.48
9/1/1999,148.49,147.09,143.35,142.44,116.4,115.15,163.47,162.54,124.97,123.45,117.75,117.2,131.82,130.92,149.6,148.27,137.23,136.24,134.93,133.86
10/1/1999,149.07,147.92,142.97,142.25,117.39,116.47,163.03,162.38,125.19,124.02,118.57,118.19,132.77,132.07,149.76,148.86,138.15,137.28,135.55,134.71
11/1/1999,148.7,148.17,143.9,143.26,117.28,116.72,163.67,163.38,125.1,124.59,118.99,118.9,132.84,132.45,150.37,149.7,138.39,137.75,135.72,135.24
12/1/1999,148.94,148.98,144.11,143.82,117.29,117.1,163.67,164,126.52,126.47,119.48,119.65,132.99,132.79,150.3,150.47,138.67,138.42,135.98,135.91
1/1/2000,150.08,150.55,144.7,144.27,119.13,119.02,164.45,165.1,127.42,128.12,122.07,122.55,134.09,133.88,151.08,151.64,139.49,139.72,137.31,137.49
2/1/2000,149.69,149.82,144.91,144.67,117.77,118.47,165.09,165.5,126.76,127.92,121.12,121.56,134.48,134.3,152.23,152.8,139.6,139.51,137.11,137.33
3/1/2000,151.63,151.14,144.98,144.55,119.49,119.69,166.8,166.35,129.35,129.9,123.44,123.14,135.26,134.87,153.59,153.21,141.19,140.72,138.68,138.37
4/1/2000,152.67,151.81,146.39,145.75,120.72,120.72,167.58,166.86,131.46,131.27,124.43,123.91,136.69,135.98,155.17,154.47,142.55,141.45,139.96,139.31
5/1/2000,153.94,152.26,146.64,145.74,121.68,121.06,168.68,167.53,133.79,132.97,126.28,125.09,137.52,136.63,156.58,155.02,143.24,141.94,141.12,139.95
6/1/2000,155.24,153.29,147.47,146.01,123.97,122.04,170.39,168.93,136.93,134.72,127.44,126.09,138.82,137.52,157.48,155.52,144.04,142.61,142.53,140.87
7/1/2000,156.08,154.01,147.85,146.71,124.64,122.75,170.6,169.44,137.76,135.51,128.28,127.1,139.46,138.24,158.43,156.4,144.87,143.23,143.25,141.63
8/1/2000,156.28,154.44,147.43,146.29,125.19,123.37,171.07,169.81,138.29,136.41,129.52,128.42,139.67,138.58,159.01,157.08,145.23,143.69,143.7,142.2
9/1/2000,156.42,154.9,147.4,146.46,126.32,124.82,171.12,170.18,139.89,138.05,130.37,129.64,140.57,139.53,159.4,157.95,145.42,144.34,144.31,143.09
10/1/2000,156.52,155.27,147.7,146.8,126.37,125.34,172.13,171.47,141.25,139.85,131.58,131.09,141.01,140.18,159.89,158.9,145.8,144.84,144.83,143.87
11/1/2000,156.43,155.9,148.16,147.53,127.27,126.55,173.1,172.75,140.9,140.32,132.83,132.75,141.23,140.82,159.66,158.96,146.42,145.8,145.29,144.77
12/1/2000,156.69,156.79,147.25,146.96,127.71,127.51,173.09,173.37,142.24,142.23,133.75,133.91,142.33,142.11,159.53,159.72,145.95,145.69,145.67,145.6
1/1/2001,156.85,157.33,148.35,147.82,128.25,128.08,174.5,175.17,142.98,143.84,134.53,135.1,143.19,143.01,160.71,161.28,146.01,146.35,146.34,146.55
2/1/2001,157.89,158.09,148.67,148.53,128.67,129.32,175.69,176.16,144.3,145.65,136.24,136.69,143.51,143.32,161.04,161.75,147.77,147.75,147.27,147.53
3/1/2001,159.04,158.59,149.11,148.69,129.91,130.18,177.05,176.63,146.37,146.89,138.13,137.87,145.31,144.97,162.91,162.53,148.22,147.64,148.65,148.36
4/1/2001,160.26,159.33,149.56,148.99,130.82,130.89,177.69,176.94,148.22,147.94,139.31,138.85,146.44,145.71,165.01,164.28,149.85,148.61,149.87,149.19
5/1/2001,161.63,159.85,150.8,149.92,132.55,131.93,179.42,178.29,151.17,150.2,140.92,139.65,147.16,146.14,166.24,164.61,149.87,148.52,151.12,149.88
6/1/2001,162.49,160.41,151.34,149.76,135.25,133.23,180.49,178.91,153.54,151.06,141.83,140.32,148.28,146.91,167.47,165.33,150.71,149.15,152.36,150.58
7/1/2001,163.12,160.91,151.23,149.98,136.14,134.12,180.27,179,155.38,152.67,142.61,141.23,149.63,148.24,168.6,166.38,151.64,149.98,153.22,151.44
8/1/2001,163.41,161.42,151.73,150.43,137.57,135.63,181.17,179.83,156.98,154.86,143.55,142.27,150.18,149,168.6,166.58,151.29,149.67,153.82,152.18
9/1/2001,163.78,162.13,151.96,150.98,138.29,136.56,180.66,179.64,157.65,155.41,144.72,143.77,150.56,149.35,169.22,167.64,151.94,150.79,154.36,152.97
10/1/2001,164.51,163.17,153.09,151.98,138.54,137.41,181.41,180.7,158.22,156.57,144.91,144.3,151.63,150.68,169.78,168.71,152.15,151.12,154.96,153.89
11/1/2001,163.85,163.29,152.42,151.82,139.76,138.86,182.29,181.92,158.14,157.54,145.14,145.03,151.45,151,169.3,168.58,151.69,151.09,154.91,154.35
12/1/2001,163.82,163.95,152.37,152.08,139.45,139.21,182.21,182.46,159.7,159.82,146.62,146.76,152.54,152.31,169.87,170.09,151.97,151.68,155.44,155.36
1/1/2002,164.2,164.75,153.42,152.89,140.88,140.69,182.63,183.33,160.37,161.37,147.55,148.31,153.36,153.27,169.99,170.65,151.2,151.62,156.02,156.3
2/1/2002,164.85,165.17,152.26,152.17,141.19,141.74,183.76,184.32,161.67,163.24,149.04,149.53,154.85,154.7,170.09,170.9,152.46,152.52,156.88,157.18
3/1/2002,166.33,165.95,154.15,153.78,143.01,143.36,185.15,184.78,163,163.45,151.38,151.26,155.4,155.05,172.43,172.05,154.05,153.38,158.45,158.17
4/1/2002,167.19,166.21,154.03,153.46,144.59,144.7,186.3,185.51,166.88,166.43,153.14,152.72,156.93,156.2,173.54,172.78,154.8,153.51,159.75,159.04
5/1/2002,168.7,166.79,154.72,153.84,147.13,146.45,187.22,186.06,169.09,167.89,156.25,154.91,158.42,157.28,175.2,173.47,155.55,154.12,161.47,160.13
6/1/2002,169.87,167.63,155.82,154.13,149.47,147.36,188.08,186.36,173.05,170.32,158.59,156.94,159.67,158.18,176.83,174.55,156.16,154.48,163.04,161.12
7/1/2002,170.4,168.05,155.87,154.48,151.16,148.96,188.9,187.44,176.33,173.21,160.71,159.01,160.69,159.15,177.46,175,156.39,154.72,164.11,162.15
8/1/2002,170.82,168.65,157.36,155.84,152.71,150.57,190.62,189.12,176.44,174.09,162.38,160.82,161.31,159.94,178.18,176.06,156.64,154.96,165.02,163.2
9/1/2002,171.25,169.47,156.48,155.47,153.77,151.79,190.4,189.23,178.4,175.74,163.46,162.15,163.01,161.63,178.55,176.8,156.98,155.78,165.78,164.21
10/1/2002,171.22,169.78,157.89,156.65,154.63,153.35,191.8,190.97,179.43,177.54,165.05,164.35,163.58,162.53,178.73,177.56,157.33,156.24,166.51,165.32
11/1/2002,171.76,171.19,157.66,157.08,155.12,154.05,191.76,191.41,180.09,179.5,165.8,165.63,164.15,163.61,179.11,178.37,157.26,156.69,166.9,166.29
12/1/2002,171.15,171.29,157.79,157.51,156.78,156.51,192.76,193.03,180.3,180.59,167.13,167.26,165.27,165.07,179.65,179.91,157.79,157.45,167.58,167.5
1/1/2003,171.79,172.49,158.25,157.78,157.68,157.46,192.8,193.61,181.26,182.49,168.61,169.74,165.5,165.51,180.06,180.84,157.57,158.07,168.13,168.53
2/1/2003,172.32,172.79,159.39,159.44,158.84,159.37,193.6,194.35,181.49,183.23,170.9,171.42,167.16,167.07,180.45,181.27,158.14,158.28,169.24,169.6
3/1/2003,173.38,173.11,159.31,158.98,159.48,159.88,195.5,195.24,183.94,184.19,172.67,172.73,168.23,167.83,182.7,182.3,158.94,158.17,170.44,170.17
4/1/2003,174.86,173.8,160.46,159.85,161.29,161.39,197.26,196.38,187.38,186.68,175.27,174.86,169.61,168.82,183.13,182.38,159.77,158.5,172,171.24
5/1/2003,176.64,174.54,161.08,160.15,163.77,162.97,198.28,197.01,188.49,187.03,177.79,176.27,171.3,169.98,184.75,182.91,160.67,159.11,173.67,172.16
6/1/2003,177.38,174.95,162.67,160.85,165.86,163.62,199.78,197.87,191.7,188.71,179.44,177.5,172.94,171.27,186.33,183.88,161.01,159.16,175.09,172.98
7/1/2003,178.3,175.76,162.86,161.33,167.46,165.04,201.41,199.71,192.76,189.37,182.19,180.08,174.52,172.86,187.56,184.83,161.38,159.67,176.41,174.25
8/1/2003,178.91,176.55,163.73,162.07,169.64,167.25,202.13,200.37,194.26,191.78,184.76,182.83,174.98,173.38,188.23,185.97,162.27,160.5,177.55,175.51
9/1/2003,179.02,177.1,164.21,163.19,171.23,169.13,203.87,202.54,197.73,194.81,187.05,185.34,176.28,174.72,188.94,187.03,162.65,161.39,178.7,176.96
10/1/2003,179.52,177.98,164.29,163.1,171.29,169.86,204.45,203.46,198.13,196.22,189.54,188.81,177.22,176.1,188.75,187.49,162.07,160.93,179.27,178.01
11/1/2003,179.36,178.8,163.53,162.91,172.42,171.24,204.82,204.53,199.19,198.62,191.9,191.69,178.43,177.76,189.78,189.01,162.14,161.58,180.02,179.36
12/1/2003,179.55,179.75,164.36,164.08,173.91,173.61,206.55,206.92,200.41,200.94,194.44,194.66,179.12,178.93,188.81,189.16,162.9,162.56,180.93,180.89
1/1/2004,178.5,179.38,165.12,164.84,174.77,174.54,208.57,209.6,200.19,201.6,196.39,198.01,180.84,181.06,189.76,190.76,162.02,162.5,181.56,182.14
2/1/2004,180.27,180.92,166.16,166.28,176.68,177.18,209.16,210.13,201.28,203.14,199.03,199.58,182.01,182,190.54,191.3,163.21,163.42,183.03,183.46
3/1/2004,181.45,181.3,165.99,165.72,176.99,177.41,211.91,211.73,203.98,203.88,203.47,203.72,184.4,183.91,192.45,192.03,165.32,164.51,185,184.74
4/1/2004,182.98,181.83,167.32,166.53,180.11,180.2,216.33,215.27,207.67,206.61,206.95,206.4,186.65,185.7,193.04,192.24,166.15,164.93,187.19,186.3
5/1/2004,184.97,182.59,168.38,167.27,183.01,182.01,217.91,216.39,210.3,208.34,213.29,211.44,189.57,188,195.97,193.99,166.88,165.16,189.84,188.08
6/1/2004,186.06,183.35,170.85,168.89,186.36,183.91,222.3,220.01,214.44,211.15,218.76,216.31,191.72,189.79,197.37,194.67,168.06,166.05,192.41,190.01
7/1/2004,186.87,184.11,171.39,169.69,188,185.34,224.55,222.46,216.85,213.24,222.92,220.11,194.06,192.29,198.24,195.22,167.87,166.06,194.02,191.6
8/1/2004,187.31,184.7,171.98,170.2,189.25,186.52,225.95,223.79,217.53,214.77,225.43,222.99,196.25,194.35,198.73,196.28,168.7,166.78,195.27,192.95
9/1/2004,186.91,184.87,171.85,170.73,190.02,187.84,229.36,227.8,220.05,216.97,228.53,226.24,198.03,196.25,199.03,196.91,169,167.66,196.37,194.42
10/1/2004,187.51,185.9,172.06,170.95,192.45,190.84,229.52,228.36,220.13,218.21,230.07,229.28,199.5,198.3,199.31,197.94,168.94,167.72,197.25,195.9
11/1/2004,187.21,186.7,172.17,171.44,193.79,192.57,231.78,231.63,219.1,218.56,234.03,233.77,200.82,200.04,200.14,199.41,169.91,169.35,198.38,197.69
12/1/2004,186.81,187.13,174.01,173.75,194.75,194.44,233.32,233.99,220.31,220.98,237.59,238.04,202.63,202.5,198.93,199.41,169.72,169.4,199.34,199.38
1/1/2005,186.88,188.02,173.78,173.77,196.06,195.84,235.22,236.68,221.15,222.69,238.13,240.35,204.64,205.17,198.79,200.08,169.83,170.34,200.07,200.9
2/1/2005,186.52,187.35,175.08,175.29,195.74,196.23,240.11,241.23,223.39,225.33,243.5,244.04,206.92,207,200.4,201.1,170.89,171.22,201.8,202.3
3/1/2005,188.92,188.87,176.69,176.51,198.03,198.4,244.12,243.97,226.33,225.74,248.26,248.79,210.93,210.25,202.24,201.85,172.69,171.93,204.7,204.42
4/1/2005,190.9,189.66,177.95,176.95,200.33,200.33,249.76,248.54,228.79,227.37,253.12,252.37,213.43,212.13,204.54,203.6,173.74,172.59,207.22,206.16
5/1/2005,192.39,189.71,179,177.59,202.04,200.69,254.53,252.49,232.09,229.68,259.21,256.96,216.94,214.99,206.06,203.91,175.47,173.58,209.92,207.81
6/1/2005,193.22,190.16,180.52,178.37,206.16,203.42,258.14,255.23,232.79,229.16,263.23,260.06,220.92,218.51,207.6,204.57,176.89,174.62,212.43,209.61
7/1/2005,193.71,190.71,181.87,179.94,209.84,206.91,261.28,258.7,234.58,230.91,267.78,264.11,222.91,220.91,208.55,205.27,177.86,175.84,214.39,211.63
8/1/2005,193.77,190.86,182.83,180.96,211.06,207.97,265.43,262.72,234.36,231.43,271.63,268.65,226.01,223.72,208.65,205.97,178.3,176.13,215.92,213.24
9/1/2005,194.36,192.25,183.23,181.95,212.28,210.08,268.92,267.15,236.34,233.38,275.73,272.84,227.71,225.68,209.06,206.81,178.93,177.5,217.38,215.25
10/1/2005,194.35,192.74,184.17,183.15,212.2,210.43,271.2,269.85,235.05,233.24,275.03,274.14,228.82,227.45,209.4,207.82,180.58,179.27,217.92,216.44
11/1/2005,193.3,192.89,186.01,185.08,213.49,212.27,272.23,272.34,234.73,234.29,275.07,274.85,230.96,230.09,209.14,208.52,180.82,180.22,218.46,217.78
12/1/2005,192.57,193.1,186.81,186.57,213.12,212.77,274.07,275.24,231.08,231.84,277.73,278.58,232.18,232.11,209.04,209.68,181.62,181.39,218.91,219.1
1/1/2006,192.12,193.53,188.21,188.54,214.7,214.57,275.66,277.65,232.09,233.66,276.49,279.3,233.7,234.62,209.13,210.74,182.09,182.67,219.47,220.57
2/1/2006,192.44,193.45,188.3,188.58,213.55,214.04,278.42,279.42,232.19,234.09,280.85,281.32,234.09,234.25,210.14,210.85,183.57,184.01,220.42,220.98
3/1/2006,193.28,193.31,190.17,190.15,215.52,215.74,281.74,281.7,234.71,233.69,280.79,281.57,236.92,236.07,211.43,211.19,184.96,184.28,222.08,221.81
4/1/2006,195.52,194.3,191.89,190.67,216.5,216.38,283.33,281.92,234.47,232.81,282.45,281.57,238.57,236.86,212.61,211.43,185.55,184.4,223.52,222.27
5/1/2006,196.99,194,193.67,191.88,218.51,216.75,286.66,283.92,235.66,232.99,284.29,281.92,239.61,237.3,214.23,211.83,188.43,186.36,225.36,222.91
6/1/2006,196.77,193.36,194.63,192.11,219.9,217.01,288.37,284.77,235.98,232.32,284.73,281.17,240.34,237.45,215.22,211.8,189.21,186.61,226.04,222.83
7/1/2006,196.87,193.69,194.94,192.79,218.23,215.2,287.95,284.89,234.83,231.42,283.57,279.49,240.14,237.86,216.22,212.74,189.82,187.45,225.83,222.81
8/1/2006,196.47,193.36,195.51,193.53,220.28,216.99,289.13,285.97,233.48,230.62,282.43,279.33,241.46,239.03,216,213.09,191.09,188.6,226.31,223.41
9/1/2006,195.44,193.25,195.67,194.18,218.49,216.43,288.15,286.38,231.98,229.45,280.87,277.86,241.38,239.15,215.24,212.9,191.17,189.64,225.56,223.34
10/1/2006,194.51,192.98,195.83,194.74,218.96,217.1,290.68,289.21,230.4,228.77,277.25,276.24,242,240.56,214.33,212.43,191.88,190.41,225.24,223.68
11/1/2006,192.51,192.12,196.82,195.66,218.54,217.37,290.69,291.01,229.68,229.3,277.16,277.01,242.29,241.37,214.4,213.88,192.28,191.62,224.95,224.26
12/1/2006,192.31,193.04,197.34,197.2,216.86,216.48,289.87,291.57,228.01,228.55,275.47,276.58,241.9,241.96,211.69,212.47,192.2,192.13,224.14,224.48
1/1/2007,192.61,194.24,196.25,196.9,217.57,217.57,289.2,291.42,227.81,229.31,274.94,277.91,239.81,241.07,212.14,214.06,193.13,193.85,223.87,225.2
2/1/2007,191.88,193.08,198.08,198.58,216.86,217.33,290.02,290.64,226.15,227.88,274.38,274.71,242.69,243.02,214.81,215.63,193.95,194.58,224.57,225.2
3/1/2007,193.03,193.22,199.38,199.64,218.9,218.97,293.11,293.36,230.67,229.46,278.86,279.77,243.11,242.3,215.64,215.72,195.61,195.07,226.4,226.24
4/1/2007,193.75,192.61,201.53,200.3,221.66,221.55,294.23,292.82,230.88,229.29,278.13,277.33,244.87,242.92,216.64,215.26,196.61,195.35,227.54,226.25
5/1/2007,194.97,191.72,201.97,199.83,221.21,219.07,294.3,290.95,232.25,229.52,276.02,273.79,244.31,241.75,217.68,215,198.09,195.87,227.79,225.11
6/1/2007,195.19,191.54,203.03,200.19,222.26,219.3,295.42,291.48,230.91,227.2,274.02,270.37,243.58,240.39,218.05,214.25,198.92,195.94,227.82,224.36
7/1/2007,193.19,189.89,202.29,199.94,221.74,218.65,293.98,290.73,229.87,226.61,271.67,267.61,240.65,238.17,218.38,214.83,199.33,196.61,226.46,223.29
8/1/2007,192.67,189.39,201.68,199.56,221.04,217.75,292.52,289.14,229.99,227.14,264.97,261.99,240.48,238.11,216.57,213.4,200.17,197.42,225.31,222.33
9/1/2007,190.28,188.09,201.89,200.2,219.31,217.54,288.37,286.76,226.89,224.7,261.31,258.45,239.11,236.87,217.05,214.78,199.02,197.46,223.49,221.33
10/1/2007,188.47,186.98,200.61,199.43,219.42,217.44,284.22,282.58,226.25,224.59,255.32,254.15,236.62,235.24,212.61,210.5,198.8,197.27,221.21,219.6
11/1/2007,186.75,186.2,200.56,199.18,217.7,216.6,281.09,281.56,223.74,223.16,249.05,248.92,233.24,232.26,212.46,212,197.83,197.17,218.87,218.16
12/1/2007,183.83,184.68,199.65,199.71,217.55,217.19,275.58,277.49,223.31,223.59,242.88,244.02,231.09,231.23,211.16,212.03,197.95,198.14,216.63,217.09
1/1/2008,181.71,183.44,196.1,197.01,215.74,216,272.3,274.28,220.24,221.61,237.31,239.97,227.78,229.34,208.21,210.36,196.35,197.22,213.67,215.13
2/1/2008,181.96,183.36,198.11,198.9,215.31,215.78,274.51,274.95,221.83,223.56,232.94,233.3,225.35,225.89,208.28,209.28,196.68,197.51,213.08,213.85
3/1/2008,182.08,182.53,197.64,198.36,214.81,214.88,271.25,271.96,220.43,219.44,225.33,226.07,225.46,224.9,209.3,209.82,196.7,196.27,211.91,211.97
4/1/2008,181.69,180.77,198.99,197.99,213.4,213.28,268.11,266.93,219.22,217.79,221.97,221.28,223.11,221.28,210.09,208.67,197.53,196.11,210.85,209.66
5/1/2008,182.32,179.06,199.71,197.42,215.48,213.18,268.15,264.77,218.28,215.59,218.15,216.34,219.01,216.46,209.46,206.73,198.32,195.99,209.99,207.34
6/1/2008,182.26,178.58,199.38,196.38,214.12,211.18,264.22,260.48,218.73,215.04,215.95,212.93,217.86,214.64,210.45,206.41,200.32,197.04,209.44,206
7/1/2008,180.72,177.37,197.73,195.14,213.71,210.58,259.94,256.7,216.54,213.42,211.92,208.49,214.95,212.42,209.24,205.67,199.56,196.62,207.35,204.2
8/1/2008,179.79,176.52,196.27,193.99,212.67,209.46,256.01,252.94,214.91,212.12,206.96,204.55,211.5,209.33,208.5,205.24,197.79,194.98,205.04,202.19
9/1/2008,175.98,173.83,195.31,193.53,211.86,210.23,252.12,250.68,212.54,210.65,203.34,200.99,207.7,205.55,205.7,203.52,198.83,197.3,202.51,200.47
10/1/2008,175.01,173.59,193.81,192.55,209.03,206.9,243.99,242.42,212.99,211.16,199.19,197.99,205.58,204.33,205.8,203.55,196.28,194.83,200.18,198.6
11/1/2008,171.28,170.45,192.66,191.33,207.46,206.4,239.35,239.75,208.87,207.95,193.79,193.57,199.39,198.39,200.23,199.64,192.66,191.96,195.93,195.15
12/1/2008,169.85,170.72,190.49,190.77,204.1,203.76,238.77,240.5,207.64,207.5,191.25,192.26,195.64,195.75,201.16,202.06,192.88,193.21,194.1,194.57
1/1/2009,172.5,174.43,190.61,191.7,204.3,204.72,239.18,240.86,209.21,210.41,187.47,189.65,199.59,201.12,201.23,203.5,192.76,193.81,194.97,196.46
2/1/2009,171.63,173.29,190.52,191.56,205.21,205.66,238.45,238.93,212.8,214.5,189.48,190.01,200.44,201.21,203.82,205.03,194.58,195.58,195.87,196.79
3/1/2009,170.9,171.72,189.99,190.95,205.04,205.24,231.24,232.15,210.04,209.51,187.2,187.93,197.33,197.07,200.61,201.52,195.04,194.62,194,194.3
4/1/2009,170.81,170.1,191.28,190.47,204.22,204.08,232.31,231.35,211.71,210.63,186.42,185.9,197.68,196.02,203.3,201.95,195.49,193.87,194.35,193.29
5/1/2009,174.28,171.02,191.91,189.35,205.24,202.82,232.45,229.24,209.61,206.9,186.59,184.97,198.07,195.51,204.53,201.7,197.07,194.61,195.47,192.81
6/1/2009,173.55,169.8,195.06,191.77,204.54,201.42,230.59,226.89,210.54,206.65,189.07,186.26,198.29,194.97,205.98,201.65,199.86,196.31,196.26,192.74
7/1/2009,172.38,168.86,192.51,189.45,205.04,201.76,230.38,226.95,210.01,206.74,189.28,186,197.95,195.24,204.95,201.08,197.58,194.46,195.48,192.19
8/1/2009,171.47,168.09,192.61,189.95,206.06,202.88,228.81,225.85,207.95,204.98,190,187.75,195.13,192.85,204.39,200.94,197.2,194.42,194.7,191.81
9/1/2009,171.32,169.09,189.15,187.21,203.03,201.46,225.99,224.47,207.26,205.36,188.97,186.77,196.65,194.45,203.09,200.87,195.63,194.13,193.78,191.73
10/1/2009,169.4,167.94,192.82,191.34,204.66,202.38,226.06,224.32,207.8,205.89,189.49,188.21,193.96,192.64,203.7,201.38,197.85,196.58,193.74,192.1
11/1/2009,170.16,169.07,191.19,189.92,202.93,201.81,225.75,225.96,206.6,205.29,190.83,190.56,194.69,193.52,202.38,201.62,195.87,195.11,193.52,192.59
12/1/2009,166.01,166.96,187.6,187.97,202.81,202.48,219.97,221.45,206.2,205.82,186.87,187.89,189.4,189.5,199.44,200.34,194.79,195.34,190.13,190.62
1/1/2010,164.57,166.75,186.78,188,202.17,202.73,221.04,222.38,203.51,204.77,184.55,186.78,190.67,192.27,195.8,198.11,194.36,195.7,189.29,190.89
2/1/2010,164.15,166.11,185.27,186.55,203.29,203.87,219.47,220.04,201.44,203.28,187.31,188.31,187.56,188.55,197.38,198.9,193.5,194.64,188.83,189.99
3/1/2010,165.12,166.24,184.27,185.34,201.71,202.19,219.17,220.22,204.33,204.34,187.21,187.97,189.49,189.37,198.28,199.45,194.94,194.41,189.5,189.95
4/1/2010,167.07,166.48,187.11,186.45,200.34,200.12,221.83,220.78,203.13,202.48,188.25,187.73,191.69,190.09,201.69,200.5,197.14,195.37,191.17,190.13
5/1/2010,169.81,166.52,189.94,187.22,203.38,200.91,221.57,218.23,206.5,203.64,190.75,188.93,190.84,188.15,204.02,201.18,199.69,197.09,192.99,190.2
6/1/2010,168.49,164.56,187.33,183.81,204.64,201.2,218.12,214.07,206.98,202.89,187.22,184.36,191.12,187.56,204.04,199.39,198.14,194.44,191.85,188.1
7/1/2010,167.52,163.66,187.72,184.39,203.6,199.94,216.63,212.7,205.87,202.22,187.17,183.7,188.09,185.16,199.67,195.47,197.71,194.48,190.46,186.87
8/1/2010,167.84,164.27,187.03,184.19,202.14,198.87,215.98,213,206.67,203.4,184.6,182.37,186.88,184.46,200.9,197.36,197,194.44,189.73,186.75
9/1/2010,164.59,162.16,185.74,183.68,199.98,198.32,210.93,209.32,203.67,201.66,184,181.89,184.28,182.09,197.72,195.44,193.62,192.24,187.1,185
10/1/2010,166.15,164.67,183.99,182.45,202.11,199.76,211.91,210.26,204.47,202.54,180.91,179.63,183.71,182.41,197.19,194.94,192.8,191.84,186.9,185.3
11/1/2010,164.77,163.49,184.33,183.37,200.24,199.05,207.09,207.1,202.9,201.3,179.59,179.35,183,181.87,194.77,193.83,192.63,191.95,185.56,184.59
12/1/2010,160.2,161.17,178.65,179.04,197.77,197.58,204.85,206.23,200.16,199.71,177.39,178.44,181.27,181.4,193.26,194.15,190.22,190.81,182.74,183.24
1/1/2011,158.63,161.03,179.67,180.98,195.48,196.1,206.04,207.28,201.29,202.72,173.68,175.9,177.46,179.02,189.69,191.99,190.26,191.69,180.87,182.51
2/1/2011,157.23,159.48,178.23,179.67,194.78,195.62,199.49,200.32,195.34,197.41,173.44,174.72,175.48,176.72,188.81,190.52,189.46,190.57,179.16,180.53
3/1/2011,155.12,156.46,176.7,177.51,193.54,194.32,198.68,199.75,194.64,195.06,172.36,172.96,175.04,175,188.86,190.01,190.36,189.66,178.31,178.8
4/1/2011,157.74,157.15,179.19,178.4,196.39,196.18,198.91,197.93,199.78,199.62,172.95,172.35,176.26,174.77,190.72,189.7,192.72,190.82,180.24,179.21
5/1/2011,160.62,157.44,181.24,178.28,196.07,193.53,201.64,198.46,199.97,196.89,172.93,170.95,177.61,174.91,192.47,189.75,193.09,190.4,181.53,178.71
6/1/2011,162.65,158.64,182.17,178.37,197.92,194.14,202.56,198.3,201.82,197.52,173.29,170.4,179.2,175.58,195.83,191.08,196.36,192.57,183.3,179.43
7/1/2011,163.9,159.78,184.76,181.17,198.5,194.66,203.83,199.74,200.81,196.72,174.53,171.03,178.19,175.12,196.81,192.22,193.96,190.61,183.59,179.81
8/1/2011,161.97,158.29,183.27,180.22,197.47,194.11,202.39,199.38,199.64,196.07,172.24,169.99,178.85,176.32,194.7,191.01,192.83,190.46,182.39,179.35
9/1/2011,161.53,159.01,181.05,178.85,195.42,193.7,203.29,201.59,199.42,197.28,172.81,170.83,180.86,178.75,195.02,192.6,192.78,191.4,182.52,180.39
10/1/2011,159.02,157.58,179.66,178.12,194.59,192.34,200.86,199.37,198.16,196.42,171.72,170.51,178.04,176.75,194.68,192.52,192.25,191.55,180.84,179.31
11/1/2011,161.22,159.97,180.28,179.57,192.53,191.35,200.38,200.24,198.03,196.37,171.05,170.83,177.82,176.77,194.83,193.73,194.25,193.61,181.16,180.21
12/1/2011,158.13,159.18,182.66,183.06,191.47,191.36,202.57,203.85,197.58,197.39,169.54,170.5,178.75,178.89,189.56,190.4,193.65,194.2,180.29,180.79
1/1/2012,155.58,158.18,177.57,178.88,192.05,192.81,200.22,201.36,193.85,195.41,169.39,171.52,175.82,177.56,192.69,195.04,190.73,192.17,178.49,180.2
2/1/2012,156.36,158.85,178.61,180.22,189.88,191.02,202.93,203.99,193.94,196.25,170.35,171.85,176.36,177.81,191.05,192.97,192.94,193.96,179.08,180.62
3/1/2012,157.81,159.24,182.38,182.77,192.37,193.48,206.42,207.42,195.11,195.77,173.04,173.44,178.98,178.92,193.22,194.2,196.67,195.8,181.65,182.08
4/1/2012,161.17,160.4,183.46,182.3,193.25,193.03,210.97,209.83,195.32,195.36,175.99,175.12,183.18,181.63,194.71,193.71,198.85,196.83,184.39,183.24
5/1/2012,164.9,161.63,187.5,184.31,195.94,193.29,216.19,212.8,199.37,195.91,179.59,177.25,184.52,181.61,199.14,196.39,200.19,197.26,187.45,184.41
6/1/2012,166.24,161.87,187.94,183.87,197.61,193.46,222.16,217.22,201.06,196.47,181.73,178.6,185.99,182.09,201.18,196.18,201.84,197.95,189.31,185.12
7/1/2012,166.61,162.11,187.07,183.34,196.96,192.94,223.72,218.95,200.58,195.92,181.46,177.64,186.55,183.22,203.04,198.02,203.08,199.48,189.7,185.56
8/1/2012,166.35,162.42,186.16,183.03,196.78,193.26,222.57,219.09,201.16,197.21,184.82,182.4,186.8,184.14,201.45,197.56,202.29,199.98,189.84,186.6
9/1/2012,165.78,163.05,185.63,183.28,196.98,195.06,223.39,221.47,199.63,197.22,184.4,182.46,187.26,185.22,200.26,197.64,202.3,200.84,189.65,187.4
10/1/2012,165.24,163.81,186.81,185.34,194.64,192.52,224.34,223.1,198.23,196.63,186.98,185.84,187.55,186.17,201.52,199.47,202.34,201.8,189.92,188.44
11/1/2012,164.17,162.99,185.24,184.83,195.52,194.47,226.48,226.31,200.73,199.14,188.87,188.76,187.11,186.25,201.16,199.98,204.07,203.54,190.29,189.42
12/1/2012,162.44,163.55,185.94,186.27,195.12,195.1,225.75,227.26,200.6,200.66,189.7,190.91,187.43,187.64,199.94,200.84,201.95,202.37,189.76,190.33
1/1/2013,161.95,164.82,183.79,185.16,193.96,194.83,227.81,229.24,198.5,200.19,191.67,194.09,187.35,189.28,199.78,202.23,203.8,205.29,189.9,191.79
2/1/2013,163.01,165.76,186.1,187.87,194.32,195.73,229.9,231.19,198.47,200.86,193.53,195.36,189.41,190.94,199.88,201.99,204.92,205.81,191.25,192.96
3/1/2013,165.96,167.29,188.81,188.56,195.84,197.13,234.41,235.17,202.37,203.09,198.89,199.18,193.28,192.98,203.49,204.22,207.86,206.84,194.75,195.02
4/1/2013,169.41,168.39,191.12,189.39,198.38,198.17,240.05,238.7,202.37,202.38,203.43,202.13,194.56,192.79,204.72,203.55,209.97,207.85,197.42,196.03
5/1/2013,172.53,169.15,193.34,189.88,200.9,197.92,243.65,239.87,207.56,203.58,208.26,205.34,199.65,196.39,207.23,204.36,212.88,209.68,201.1,197.74
6/1/2013,174.96,170.14,195.9,191.65,202.92,198.32,246.9,241.3,208.47,203.45,211.48,207.81,201.33,196.97,211.79,206.59,214.51,210.53,203.52,198.9
7/1/2013,176.12,171.25,193.23,189.39,203.8,199.53,248.39,243.14,210.51,205.22,215.97,211.44,202.53,198.75,212.3,206.85,213.84,209.92,204.63,200.06
8/1/2013,176.01,171.8,193.2,189.91,202.82,199.01,248.99,245.03,210.27,205.93,216.02,213.24,201.97,199.06,212,207.8,213.18,210.83,204.32,200.78
9/1/2013,174.92,172.04,196.62,194.05,202,199.8,249.68,247.54,207.33,204.63,217.02,214.95,201.51,199.42,211.1,208.33,213.52,211.91,204.2,201.78
10/1/2013,173.42,171.99,193.42,192.06,202.4,200.3,251.93,250.96,206.95,205.52,217.39,216.34,202.05,200.43,210.27,208.32,213.31,212.83,203.91,202.42
11/1/2013,173.7,172.72,191.59,191.38,201.92,200.92,249.86,249.72,206.85,205.45,216.91,216.86,201.35,200.65,209.89,208.76,213.72,213.32,203.47,202.71
12/1/2013,172.46,173.69,192.56,192.74,199.19,199.12,249.59,251.28,203.8,204.21,216.09,217.5,202.4,202.6,208.31,209.26,215.94,216.2,203.11,203.7
1/1/2014,171.18,174.28,191.05,192.38,200.06,201.06,251.67,253.24,205.04,206.92,216.82,219.46,200.74,202.81,209.12,211.57,215.94,217.55,202.85,204.87
2/1/2014,171.89,174.82,192.91,194.75,198.57,200.14,253.93,255.07,202.08,204.59,220.25,222.26,203.13,204.56,209.26,211.54,216.61,217.33,203.99,205.74
3/1/2014,173.94,174.94,194.24,193.43,199.22,200.57,254.61,254.86,208.86,209.54,222.8,222.79,205.92,205.23,212.09,212.47,220.2,219.16,206.43,206.42
4/1/2014,177.51,176.26,196.54,194.43,201.9,201.68,256.91,255.16,207.7,207.4,225.26,223.43,207.09,205,214.94,213.48,220.77,218.62,208.52,206.84
5/1/2014,179.28,175.79,197.75,194.3,205.53,202.3,260.42,256.26,213.84,209.59,227.76,224.35,209.5,206,215.66,212.61,222.45,219.04,210.89,207.27
6/1/2014,181.61,176.47,199.74,195.51,207.65,202.87,263.8,257.96,215.39,210.15,230.41,226.45,211.59,206.95,218.82,213.5,223.69,219.68,213.14,208.29
7/1/2014,182.33,177.3,199.96,196.15,206.46,202.08,263.2,257.78,216.25,210.53,232.3,227.55,212.38,208.28,219.82,214.18,226.24,222.02,213.95,209.15
8/1/2014,182.65,178.39,200.58,197.26,207.23,203.2,265.35,261.04,215.49,211.1,232.37,229.43,210.75,207.74,219.22,214.83,226.03,223.58,213.86,210.16
9/1/2014,181.81,178.84,200.1,197.49,205.27,202.87,263.36,261.11,214.09,211.14,231.41,229.29,210.84,208.7,218.25,215.38,225.99,224.18,213.08,210.53
10/1/2014,181.41,180.01,199.41,198.18,205.36,203.22,263.31,262.66,212.58,211.21,232.44,231.56,211.67,209.85,218.38,216.57,225.31,224.7,213.12,211.61
11/1/2014,180.55,179.76,200.69,200.71,204.23,203.32,264.8,264.5,212.12,210.94,232.46,232.33,212.7,212.12,218.2,217.08,227.03,226.77,213.39,212.69
12/1/2014,180.3,181.55,198.81,198.9,205.92,205.88,266.77,268.61,211.12,211.81,233.48,235.04,213.04,213.14,217.32,218.41,228.01,228.17,213.7,214.3
1/1/2015,177.36,180.49,200.81,202.14,204.27,205.27,268.37,269.93,209.92,211.83,233.94,236.73,209.91,211.99,215.7,218.15,228.31,230.14,212.49,214.54
2/1/2015,179.76,182.79,198.69,200.48,202.74,204.3,271.42,272.13,211.83,214.41,236.05,237.93,215.15,216.53,216.27,218.56,230.15,230.73,214.49,216.18
3/1/2015,182.47,183.13,204.55,203.23,205.77,207.13,272.71,272.31,213.81,214.28,239.25,238.87,217.49,216.51,218.37,218.48,231.52,230.57,217.15,216.86
4/1/2015,184.59,183.13,207.23,204.72,205.71,205.57,275.76,273.58,215.7,214.94,242.74,240.41,219.79,217.44,223.06,221.25,234.27,232.04,219.62,217.67
5/1/2015,188.23,184.59,207.06,203.54,209.96,206.56,280.19,275.54,219.49,214.91,245.71,241.88,222.82,219.11,225.48,222.12,238.57,234.88,222.9,219.02
6/1/2015,190.94,185.54,208.32,204.21,211.93,207.07,281.99,275.96,223.69,218.18,247.54,243.38,224.81,219.97,227.36,221.96,239.18,235.12,224.89,219.86
7/1/2015,190.44,185.36,208.77,204.85,213.01,208.58,287.23,281.67,222.9,216.84,249.53,244.75,225.16,220.81,228.42,222.69,240.37,235.83,225.77,220.8
8/1/2015,188.81,184.55,208.89,205.36,212.33,208.16,285.88,281.23,221.68,217.25,248.86,245.86,225,221.85,229.63,225.01,240.2,237.55,225.2,221.35
9/1/2015,189.6,186.65,209.08,206.38,211.9,209.42,286.05,283.7,221.39,218.27,249.93,247.66,225.59,223.36,228.13,225.19,240.36,238.32,225.48,222.81
10/1/2015,189.24,187.77,208.62,207.46,211.37,209.1,285.15,284.65,219.7,218.18,250.82,250.19,226.95,224.97,228.15,226.43,239.78,239.02,225.49,223.94
11/1/2015,189.1,188.41,208.63,208.67,210.51,209.65,289.92,289.48,220.15,219.06,253.34,253.04,226.76,226.19,228.63,227.44,240.2,240.03,226.05,225.34
12/1/2015,188.35,189.6,210.11,210.13,210.83,210.8,285.64,287.48,220.03,220.87,253.74,255.36,226.5,226.51,227.9,229.07,240.37,240.51,225.75,226.31
1/1/2016,187.65,190.88,211.1,212.37,209.46,210.58,287.33,288.85,220.08,222,251.6,254.51,227.37,229.6,229,231.42,240.14,242.26,225.6,227.74
2/1/2016,187.61,190.69,209.5,211.18,210.64,212.24,290.79,291.15,218.57,221.12,255.46,257.27,227.82,229.08,229.33,231.73,242.04,242.48,226.57,228.19
3/1/2016,191.66,192.02,212.62,210.91,211.13,212.46,295.98,295.05,221.15,221.52,260.83,260.16,232.81,231.55,230.97,230.9,246.82,245.98,230.43,229.9
4/1/2016,193.94,192.34,215.33,212.6,212.8,212.66,298.94,296.43,225.63,224.35,264.17,261.35,234.78,232.08,235.51,233.36,248.27,245.86,232.98,230.76
5/1/2016,196.83,193.06,217.49,213.91,218,214.5,303.6,298.48,228.5,223.7,266.15,261.91,237.15,233.16,236.71,233,251.43,247.39,235.88,231.73
6/1/2016,199.95,194.3,217.8,213.76,220.13,215.19,305.76,299.58,229.93,224.29,266.74,262.38,240.86,235.69,239.45,233.81,252.89,248.67,238.15,232.9
7/1/2016,200,194.79,219.98,215.72,220.4,215.85,306.35,300.62,230.53,224.23,269.2,264.3,240.98,236.28,242.8,236.83,254.71,249.9,239.22,234.02
8/1/2016,201.56,197.2,220.9,217.06,220.86,216.48,307.75,302.71,231.06,226.65,268.58,265.53,241.2,237.73,241.24,236.43,253.99,251.11,239.52,235.45
9/1/2016,200.6,197.59,220.96,218.16,219.87,217.25,307.98,305.46,230.56,227.21,271.56,268.97,242.05,239.58,241.02,237.93,255.54,253.21,239.92,237.04
10/1/2016,200.04,198.47,219.26,218.09,219.82,217.34,310.44,309.96,231.12,229.33,270.15,269.7,243.24,241.02,240.52,238.9,255.38,254.4,239.85,238.17
11/1/2016,200.12,199.39,221.36,221.39,221.46,220.66,310.9,310.21,231.81,230.67,273.08,272.52,242.43,241.74,241.56,240.29,255.88,255.55,240.61,239.79
12/1/2016,199.64,200.89,222.88,222.84,219.16,219.24,310.84,312.61,230.04,230.9,272.64,274.34,244.15,243.98,240.73,242.13,255.05,255.12,240.41,240.94
1/1/2017,198.03,201.34,219.24,220.38,218.52,219.68,312.18,313.8,230.46,232.36,272.86,275.89,241.98,244.18,239.62,242.07,255.13,257.56,239.37,241.55
2/1/2017,199.42,202.61,223.47,225.03,221.06,222.62,317.14,317.25,232.14,234.84,275.79,277.54,244.34,245.6,240.58,243.03,258.87,259.23,241.96,243.56
3/1/2017,204.43,204.6,227.61,225.62,221.52,222.81,320.36,318.97,235.48,235.89,281.99,281.1,248.98,247.52,245.26,245.13,261.41,260.6,246.01,245.31
4/1/2017,206.54,204.86,227.71,224.79,224.74,224.65,325.59,322.78,239.43,237.79,286.2,282.98,253.45,250.37,247.81,245.46,265.65,262.99,249.38,246.91
5/1/2017,209.5,205.5,229.34,225.61,227.3,223.62,329.02,323.44,241.47,236.38,290.15,285.45,255.03,250.67,251.86,247.78,269.97,265.45,252.3,247.8
6/1/2017,211.27,205.29,232.31,228.23,229.45,224.35,331.47,324.92,243.66,237.66,292.01,287.29,256.36,250.83,254.45,248.58,269.58,265.06,254.02,248.45
7/1/2017,212.67,207.23,234.2,229.59,230.57,225.83,334.17,327.96,245.85,239.17,291.83,286.7,257.88,252.83,254.57,248.39,270,264.81,255.16,249.64
8/1/2017,212.91,208.4,234.6,230.48,232.23,227.61,334.48,329.03,244.54,239.97,294.38,291.14,258.59,254.81,254.68,249.65,271.46,268.23,256.02,251.67
9/1/2017,212.87,209.67,232.92,230.08,231.27,228.45,335.69,332.87,244.52,240.94,296.54,293.66,258.63,255.89,254.9,251.65,271.6,268.92,256.15,253.01
10/1/2017,212.62,210.89,236.48,235.29,233.18,230.49,336.66,336.06,245.11,243.2,294.9,294.51,259.24,256.77,254.05,252.37,271.68,270.45,256.53,254.69
11/1/2017,212.46,211.65,233.3,233.38,231.77,230.95,340.77,339.78,244.17,242.98,297.88,297.07,259.47,258.65,256.51,255.03,272.92,272.35,257.05,256.07
12/1/2017,211.48,212.73,234.17,234.08,231.51,231.61,340.22,342.02,244.8,245.6,297.14,298.95,260.8,260.55,252.61,254.05,273.15,273.18,256.78,257.28
1/1/2018,211.87,215.32,233.91,235.12,231.65,232.9,343.12,344.87,245.1,247.12,299.37,302.63,261.07,263.33,254.93,257.37,269.86,272.48,257.15,259.43
2/1/2018,213.54,216.95,236.1,237.64,232.07,233.62,347.07,347.03,246.61,249.52,304.61,306.52,263.24,264.48,255.49,258.04,276.72,277.04,259.92,261.55
3/1/2018,216.92,217.02,238.48,236.35,235.04,236.32,350.94,349.06,246.53,246.96,306.66,305.6,266.45,264.73,259.25,258.96,277.05,276.16,262.55,261.69
